INSERT INTO sbz.category (`code`, `name`) VALUES ('5f31b5f4-7fb6-11e7-bb31-be2e44b06b34', 'NORMAL');
INSERT INTO sbz.category (`code`, `name`) VALUES ('5f31bc0c-7fb6-11e7-bb31-be2e44b06b34', 'SILVER');
INSERT INTO sbz.category (`code`, `name`) VALUES ('5f31bdec-7fb6-11e7-bb31-be2e44b06b34', 'GOLD');

INSERT INTO sbz.spending_limit (`id`, `from_limit`, `to_limit`, `price_to_points`) VALUES (NULL, 10, 30, 15);
INSERT INTO sbz.spending_limit (`id`, `from_limit`, `to_limit`, `price_to_points`) VALUES (NULL, 30, 50, 12);
INSERT INTO sbz.spending_limit (`id`, `from_limit`, `to_limit`, `price_to_points`) VALUES (NULL, 50, 100, 11);
INSERT INTO sbz.spending_limit (`id`, `from_limit`, `to_limit`, `price_to_points`) VALUES (NULL, 100, 200, 10);
INSERT INTO sbz.spending_limit (`id`, `from_limit`, `to_limit`, `price_to_points`) VALUES (NULL, 200, 1000, 8);
INSERT INTO sbz.spending_limit (`id`, `from_limit`, `to_limit`, `price_to_points`) VALUES (NULL, 1000, 5000000, 5);

INSERT INTO sbz.spending_limit (`id`, `from_limit`, `to_limit`, `price_to_points`) VALUES (NULL, 10, 30, 17);
INSERT INTO sbz.spending_limit (`id`, `from_limit`, `to_limit`, `price_to_points`) VALUES (NULL, 30, 50, 15);
INSERT INTO sbz.spending_limit (`id`, `from_limit`, `to_limit`, `price_to_points`) VALUES (NULL, 50, 100, 13);
INSERT INTO sbz.spending_limit (`id`, `from_limit`, `to_limit`, `price_to_points`) VALUES (NULL, 100, 200, 11);
INSERT INTO sbz.spending_limit (`id`, `from_limit`, `to_limit`, `price_to_points`) VALUES (NULL, 200, 1000, 10);
INSERT INTO sbz.spending_limit (`id`, `from_limit`, `to_limit`, `price_to_points`) VALUES (NULL, 1000, 5000000, 7);

INSERT INTO sbz.category_limits (`category_code`, `limits_id`) VALUES ('5f31bc0c-7fb6-11e7-bb31-be2e44b06b34', 1);
INSERT INTO sbz.category_limits (`category_code`, `limits_id`) VALUES ('5f31bc0c-7fb6-11e7-bb31-be2e44b06b34', 2);
INSERT INTO sbz.category_limits (`category_code`, `limits_id`) VALUES ('5f31bc0c-7fb6-11e7-bb31-be2e44b06b34', 3);
INSERT INTO sbz.category_limits (`category_code`, `limits_id`) VALUES ('5f31bc0c-7fb6-11e7-bb31-be2e44b06b34', 4);
INSERT INTO sbz.category_limits (`category_code`, `limits_id`) VALUES ('5f31bc0c-7fb6-11e7-bb31-be2e44b06b34', 5);
INSERT INTO sbz.category_limits (`category_code`, `limits_id`) VALUES ('5f31bc0c-7fb6-11e7-bb31-be2e44b06b34', 6);
INSERT INTO sbz.category_limits (`category_code`, `limits_id`) VALUES ('5f31bdec-7fb6-11e7-bb31-be2e44b06b34', 7);
INSERT INTO sbz.category_limits (`category_code`, `limits_id`) VALUES ('5f31bdec-7fb6-11e7-bb31-be2e44b06b34', 8);
INSERT INTO sbz.category_limits (`category_code`, `limits_id`) VALUES ('5f31bdec-7fb6-11e7-bb31-be2e44b06b34', 9);
INSERT INTO sbz.category_limits (`category_code`, `limits_id`) VALUES ('5f31bdec-7fb6-11e7-bb31-be2e44b06b34', 10);
INSERT INTO sbz.category_limits (`category_code`, `limits_id`) VALUES ('5f31bdec-7fb6-11e7-bb31-be2e44b06b34', 11);
INSERT INTO sbz.category_limits (`category_code`, `limits_id`) VALUES ('5f31bdec-7fb6-11e7-bb31-be2e44b06b34', 12);


INSERT INTO sbz.user (`user_type`, `id`, `first_name`, `last_name`, `password`, `picture`, `registered`, `username`, `address`, `points`, `category_code`) VALUES ('Customer', NULL, 'Rosemary', 'Abernathy', 'customer', 'https://cdn.filestackcontent.com/tRkN6m1zQCuDcUqntK4c', '1976-06-25 03:13:53', 'customer', '78346 Jermey Manor Suite 828\nPort Gay, OR 27978', 23, '5f31bc0c-7fb6-11e7-bb31-be2e44b06b34');
INSERT INTO sbz.user (`user_type`, `id`, `first_name`, `last_name`, `password`, `picture`, `registered`, `username`, `address`, `points`, `category_code`) VALUES ('Customer', NULL, 'Michaela', 'Carter', 'customer', 'https://cdn.filestackcontent.com/FcpJMknRrm6fwDTaCceg', '2007-04-30 06:30:02', 'florian46', '12395 Labadie Road\nWest Josephineburgh, NJ 65941', 0, '5f31b5f4-7fb6-11e7-bb31-be2e44b06b34');
INSERT INTO sbz.user (`user_type`, `id`, `first_name`, `last_name`, `password`, `picture`, `registered`, `username`, `address`, `points`, `category_code`) VALUES ('Customer', NULL, 'Maxwell', 'McGlynn', 'customer', 'https://cdn.filestackcontent.com/NQLPnUnQfu0JOuOWZV6z', '2014-03-17 13:21:27', 'mara43', '475 Turner Fork Apt. 063\nMoorechester, DE 19999-5395', 5, '5f31bdec-7fb6-11e7-bb31-be2e44b06b34');
INSERT INTO sbz.user (`user_type`, `id`, `first_name`, `last_name`, `password`, `picture`, `registered`, `username`, `address`, `points`, `category_code`) VALUES ('Customer', NULL, 'Isobel', 'Gerlach', 'customer', 'https://cdn.filestackcontent.com/5A7aKOB9Rkyl451G3kJr', '2003-04-20 00:11:11', 'ggerlach', '6591 Denis Stream\nEast Patriciabury, TX 26751', 47, '5f31bc0c-7fb6-11e7-bb31-be2e44b06b34');
INSERT INTO sbz.user (`user_type`, `id`, `first_name`, `last_name`, `password`, `picture`, `registered`, `username`, `address`, `points`, `category_code`) VALUES ('Customer', NULL, 'Anika', 'Eichmann', 'customer', 'https://cdn.filestackcontent.com/s4EPiQxtQBcTAsR98NBg', '1982-05-02 10:53:59', 'halvorson.verda', '287 Price Port\nChristiansenport, TN 06081', 55, '5f31bdec-7fb6-11e7-bb31-be2e44b06b34');
INSERT INTO sbz.user (`user_type`, `id`, `first_name`, `last_name`, `password`, `picture`, `registered`, `username`, `address`, `points`, `category_code`) VALUES ('Manager', NULL, 'Dagmar', 'Harris', 'manager', 'https://cdn.filestackcontent.com/o87SMPKXTgOJ3dX25yom', '2004-12-08 16:38:02', 'manager',  NULL, NULL, NULL);
INSERT INTO sbz.user (`user_type`, `id`, `first_name`, `last_name`, `password`, `picture`, `registered`, `username`, `address`, `points`, `category_code`) VALUES ('Manager', NULL, 'Shaniya', 'Crist', 'manager', 'https://cdn.filestackcontent.com/OCVhmF0QjWsPycUQLYLq', '1985-06-24 03:52:05', 'tabitha.moore',  NULL, NULL, NULL);
INSERT INTO sbz.user (`user_type`, `id`, `first_name`, `last_name`, `password`, `picture`, `registered`, `username`, `address`, `points`, `category_code`) VALUES ('Manager', NULL, 'Simone', 'Muller', 'manager', 'https://cdn.filestackcontent.com/Cz8GvyfaSMefGfWfgLrt', '1998-08-11 14:47:39', 'will.patrick',  NULL, NULL, NULL);
INSERT INTO sbz.user (`user_type`, `id`, `first_name`, `last_name`, `password`, `picture`, `registered`, `username`, `address`, `points`, `category_code`) VALUES ('Salesman', NULL, 'Stacey', 'Morissette', 'salesman', 'https://cdn.filestackcontent.com/p0GQ8ntgSfqlxxAbtt15', '2001-09-10 05:25:22', 'salesman', NULL, NULL, NULL);
INSERT INTO sbz.user (`user_type`, `id`, `first_name`, `last_name`, `password`, `picture`, `registered`, `username`, `address`, `points`, `category_code`) VALUES ('Salesman', NULL, 'Lelia', 'Kub', 'salesman', 'https://cdn.filestackcontent.com/saVBsEK3RG2KgP8DsJAo', '1994-01-07 03:25:45', 'langosh.dewitt',  NULL, NULL, NULL);
INSERT INTO sbz.user (`user_type`, `id`, `first_name`, `last_name`, `password`, `picture`, `registered`, `username`, `address`, `points`, `category_code`) VALUES ('Salesman', NULL, 'General', 'D Amore', 'salesman', 'https://cdn.filestackcontent.com/Kbs25n8pRMazn7YzuhJl', '2011-03-06 15:38:42', 'shields.elliot',  NULL, NULL, NULL);

INSERT INTO sbz.article_category (`code`, `name`, `max_discount`) VALUES ('dfb9d328-6f0d-11e7-907b-a6006ad3dba0', 'Goods of Broad Consumption', 25);
INSERT INTO sbz.article_category (`code`, `name`, `max_discount`) VALUES ('dfb9db0c-6f0d-11e7-907b-a6006ad3dba0', 'New Years Decoration', 50);
INSERT INTO sbz.article_category (`code`, `name`, `max_discount`) VALUES ('dfb9dd96-6f0d-11e7-907b-a6006ad3dba0', 'Sports, Camping and Gardening Equipment', 30);
INSERT INTO sbz.article_category (`code`, `name`, `max_discount`) VALUES ('dfb9e03e-6f0d-11e7-907b-a6006ad3dba0', 'Cooking and Barbecue Equipment', 35);
INSERT INTO sbz.article_category (`code`, `name`, `max_discount`) VALUES ('dfb9e264-6f0d-11e7-907b-a6006ad3dba0', 'TVs', 20);
INSERT INTO sbz.article_category (`code`, `name`, `max_discount`) VALUES ('dfb9e48a-6f0d-11e7-907b-a6006ad3dba0', 'Audio and Video Equipment', 20);
INSERT INTO sbz.article_category (`code`, `name`, `max_discount`) VALUES ('dfb9e69c-6f0d-11e7-907b-a6006ad3dba0', 'Laptops', 20);
INSERT INTO sbz.article_category (`code`, `name`, `max_discount`) VALUES ('dfb9ed7c-6f0d-11e7-907b-a6006ad3dba0', 'Computer Peripherals', 30);
INSERT INTO sbz.article_category (`code`, `name`, `max_discount`) VALUES ('dfb9efde-6f0d-11e7-907b-a6006ad3dba0', 'Alcoholic Beverages', 35);
INSERT INTO sbz.article_category (`code`, `name`, `max_discount`) VALUES ('f2e14ace-6f0f-11e7-907b-a6006ad3dba0', 'Toys', 40);
INSERT INTO sbz.article_category (`code`, `name`, `max_discount`) VALUES ('f2e14894-6f0f-11e7-907b-a6006ad3dba0', 'Clothes and Shoes', 65);
INSERT INTO sbz.article_category (`code`, `name`, `max_discount`) VALUES ('f2e147d6-6f0f-11e7-907b-a6006ad3dba0', 'Watch, Jewelry and Accessories', 15);
INSERT INTO sbz.article_category (`code`, `name`, `max_discount`, `super_category_code`) VALUES ('f2e1404c-6f0f-11e7-907b-a6006ad3dba0', 'Furniture', 35, 'dfb9d328-6f0d-11e7-907b-a6006ad3dba0');
INSERT INTO sbz.article_category (`code`, `name`, `max_discount`, `super_category_code`) VALUES ('dfb9f1e6-6f0d-11e7-907b-a6006ad3dba0', 'Food and Beverages', 40, 'dfb9d328-6f0d-11e7-907b-a6006ad3dba0');
INSERT INTO sbz.article_category (`code`, `name`, `max_discount`, `super_category_code`) VALUES ('dfb9f3c6-6f0d-11e7-907b-a6006ad3dba0', 'Cosmetics', 40, 'dfb9d328-6f0d-11e7-907b-a6006ad3dba0');
INSERT INTO sbz.article_category (`code`, `name`, `max_discount`, `super_category_code`) VALUES ('dfb9f5ce-6f0d-11e7-907b-a6006ad3dba0', 'Cleaning Products', 50, 'dfb9d328-6f0d-11e7-907b-a6006ad3dba0');
INSERT INTO sbz.article_category (`code`, `name`, `max_discount`, `super_category_code`) VALUES ('dfb9f7c2-6f0d-11e7-907b-a6006ad3dba0', 'Appliances', 20, 'dfb9d328-6f0d-11e7-907b-a6006ad3dba0');

INSERT INTO sbz.article (`code`, `count`, `created`, `min_count`, `name`, `ordered`, `price`, `status`, `picture`, `category_code`) VALUES ('ajnd', 822, '2010-11-02 17:41:51', 165, 'Cowin E-7 Stereo Headphones',  FALSE, 78.13, 'ACTIVE', 'https://cdn.filestackcontent.com/Cisk1z0BTSSDJPjOAY1z', 'dfb9e48a-6f0d-11e7-907b-a6006ad3dba0');
INSERT INTO sbz.article (`code`, `count`, `created`, `min_count`, `name`, `ordered`, `price`, `status`, `picture`, `category_code`) VALUES ('blge', 445, '2012-01-12 17:47:24', 81, 'AMOUAGE Reflection Man Parfum Spray',  FALSE, 233.45, 'ACTIVE', 'https://cdn.filestackcontent.com/xW9bihSkTlmo79oQIli5', 'dfb9f3c6-6f0d-11e7-907b-a6006ad3dba0');
INSERT INTO sbz.article (`code`, `count`, `created`, `min_count`, `name`, `ordered`, `price`, `status`, `picture`, `category_code`) VALUES ('bshd', 557, '2014-08-15 14:49:57', 27, 'VHEM Fidget Spinner Toy',  FALSE, 57.03, 'ACTIVE', 'https://cdn.filestackcontent.com/p4DIEMDR0mZkaZguJbQY', 'f2e14ace-6f0f-11e7-907b-a6006ad3dba0');
INSERT INTO sbz.article (`code`, `count`, `created`, `min_count`, `name`, `ordered`, `price`, `status`, `picture`, `category_code`) VALUES ('bzgr', 115, '2007-10-21 19:25:51', 186, 'Meyoung Portable Projector',  TRUE, 62.77, 'ACTIVE', 'https://cdn.filestackcontent.com/RBrDJYbQIS88NQDFdxMb', 'dfb9ed7c-6f0d-11e7-907b-a6006ad3dba0');
INSERT INTO sbz.article (`code`, `count`, `created`, `min_count`, `name`, `ordered`, `price`, `status`, `picture`, `category_code`) VALUES ('ccod', 611, '2016-06-09 06:58:03', 132, 'Casio Quartz Casual Watch',  FALSE, 37.39, 'ACTIVE', 'https://cdn.filestackcontent.com/zGpbXJb7TUGVa3gib3zl', 'f2e147d6-6f0f-11e7-907b-a6006ad3dba0');
INSERT INTO sbz.article (`code`, `count`, `created`, `min_count`, `name`, `ordered`, `price`, `status`, `picture`, `category_code`) VALUES ('chhm', 786, '2008-04-22 06:54:25', 87, 'AmazonBasics Mid-Back Office Chair',  FALSE, 80.34, 'ARCHIVE', 'https://cdn.filestackcontent.com/VY7pi3cLQQmpjdKe9ILP', 'f2e1404c-6f0f-11e7-907b-a6006ad3dba0');
INSERT INTO sbz.article (`code`, `count`, `created`, `min_count`, `name`, `ordered`, `price`, `status`, `picture`, `category_code`) VALUES ('cxyy', 356, '2009-04-28 01:06:45', 137, 'Xbox Wireless Controller',  FALSE, 26.62, 'ACTIVE', 'https://cdn.filestackcontent.com/MhMuoI7RzObudEqQQEjM', 'dfb9ed7c-6f0d-11e7-907b-a6006ad3dba0');
INSERT INTO sbz.article (`code`, `count`, `created`, `min_count`, `name`, `ordered`, `price`, `status`, `picture`, `category_code`) VALUES ('dxuf', 885, '2011-02-23 07:42:13', 193, 'Vilano R2 Commuter Aluminum Road Bike',  FALSE, 113.41, 'ACTIVE', 'https://cdn.filestackcontent.com/JTcy3sxLT7KOdDo56h16', 'dfb9dd96-6f0d-11e7-907b-a6006ad3dba0');
INSERT INTO sbz.article (`code`, `count`, `created`, `min_count`, `name`, `ordered`, `price`, `status`, `picture`, `category_code`) VALUES ('dyvz', 684, '2014-02-10 12:04:04', 74, 'LUCID 4 Inch Gel Memory Foam Mattress',  FALSE, 71.17, 'ACTIVE', 'https://cdn.filestackcontent.com/PRQfen0RGSaeqEZoHFB6', 'f2e1404c-6f0f-11e7-907b-a6006ad3dba0');
INSERT INTO sbz.article (`code`, `count`, `created`, `min_count`, `name`, `ordered`, `price`, `status`, `picture`, `category_code`) VALUES ('etoe', 558, '2008-11-29 23:40:45', 159, 'Coleman Propane Grill',  FALSE, 33.92, 'ACTIVE', 'https://cdn.filestackcontent.com/O5JnZVeOSuuQrmHLW2LP', 'dfb9e03e-6f0d-11e7-907b-a6006ad3dba0');
INSERT INTO sbz.article (`code`, `count`, `created`, `min_count`, `name`, `ordered`, `price`, `status`, `picture`, `category_code`) VALUES ('fjnv', 659, '2016-01-14 00:58:52', 44, 'Loma Linda Chili',  FALSE, 49.64, 'ACTIVE', 'https://cdn.filestackcontent.com/1HmejSTCS6Z1nt2WDctV', 'dfb9f1e6-6f0d-11e7-907b-a6006ad3dba0');
INSERT INTO sbz.article (`code`, `count`, `created`, `min_count`, `name`, `ordered`, `price`, `status`, `picture`, `category_code`) VALUES ('geom', 109, '2014-02-18 21:28:55', 170, 'Men Dry Victory Stripe Polo',  TRUE, 65.55, 'ACTIVE', 'https://cdn.filestackcontent.com/UXJwgcxSkKRzhWvTP6UO', 'f2e14894-6f0f-11e7-907b-a6006ad3dba0');
INSERT INTO sbz.article (`code`, `count`, `created`, `min_count`, `name`, `ordered`, `price`, `status`, `picture`, `category_code`) VALUES ('gotx', 802, '2009-06-28 21:48:44', 163, 'Wahl Stainless Steel Trimmer',  FALSE, 68.96, 'ACTIVE', 'https://cdn.filestackcontent.com/548dSJTdTr6L4fwYayYY', 'dfb9f3c6-6f0d-11e7-907b-a6006ad3dba0');
INSERT INTO sbz.article (`code`, `count`, `created`, `min_count`, `name`, `ordered`, `price`, `status`, `picture`, `category_code`) VALUES ('hjig', 340, '2014-07-19 21:06:44', 178, 'Lavazza Super Crema Espresso - Whole Bean Coffee',  FALSE, 27.75, 'ACTIVE', 'https://cdn.filestackcontent.com/w2s3iXaRZuT8aFVVJjTC', 'dfb9f1e6-6f0d-11e7-907b-a6006ad3dba0');
INSERT INTO sbz.article (`code`, `count`, `created`, `min_count`, `name`, `ordered`, `price`, `status`, `picture`, `category_code`) VALUES ('hrmv', 649, '2017-05-03 16:30:41', 63, 'Bissell 3624 Carpet Cleaner',  FALSE, 91.05, 'ACTIVE', 'https://cdn.filestackcontent.com/mq9lMAjjQjyXP67OeeYD', 'dfb9f7c2-6f0d-11e7-907b-a6006ad3dba0');
INSERT INTO sbz.article (`code`, `count`, `created`, `min_count`, `name`, `ordered`, `price`, `status`, `picture`, `category_code`) VALUES ('ikyf', 294, '2014-02-09 12:15:32', 194, 'Proactiv Acne Treatment Creme',  FALSE, 38.06, 'ACTIVE', 'https://cdn.filestackcontent.com/O5RtqOJRQam2GDu1WrIJ', 'dfb9f3c6-6f0d-11e7-907b-a6006ad3dba0');
INSERT INTO sbz.article (`code`, `count`, `created`, `min_count`, `name`, `ordered`, `price`, `status`, `picture`, `category_code`) VALUES ('ipee', 540, '2009-07-17 19:39:24', 32, 'HP Pavilion LED Monitor',  FALSE, 81.69, 'ACTIVE', 'https://cdn.filestackcontent.com/lIfihgYPR9Kt9DgdXgZ4', 'dfb9e48a-6f0d-11e7-907b-a6006ad3dba0');
INSERT INTO sbz.article (`code`, `count`, `created`, `min_count`, `name`, `ordered`, `price`, `status`, `picture`, `category_code`) VALUES ('irub', 521, '2009-03-13 03:22:16', 134, 'Black & Decker Drill Kit',  FALSE, 86.66, 'ACTIVE', 'https://cdn.filestackcontent.com/R6WvZMTsRvaNm4VyhCbg', 'dfb9f7c2-6f0d-11e7-907b-a6006ad3dba0');
INSERT INTO sbz.article (`code`, `count`, `created`, `min_count`, `name`, `ordered`, `price`, `status`, `picture`, `category_code`) VALUES ('jsfg', 470, '2007-07-18 06:43:04', 200, 'Monster Energy,Pack of 24',  FALSE, 28.22, 'ARCHIVE', 'https://cdn.filestackcontent.com/8BB5QjbSGOjfKqUId8nc', 'dfb9f1e6-6f0d-11e7-907b-a6006ad3dba0');
INSERT INTO sbz.article (`code`, `count`, `created`, `min_count`, `name`, `ordered`, `price`, `status`, `picture`, `category_code`) VALUES ('lefi', 20, '2015-05-12 06:06:25', 64, 'Skullcandy XTfree Earbuds',  FALSE, 76.00, 'ACTIVE', 'https://cdn.filestackcontent.com/d599HLLSKs0LPCAJ2JwO', 'dfb9e48a-6f0d-11e7-907b-a6006ad3dba0');
INSERT INTO sbz.article (`code`, `count`, `created`, `min_count`, `name`, `ordered`, `price`, `status`, `picture`, `category_code`) VALUES ('ljkt', 100, '2011-01-08 13:01:52', 141, 'Memory Foam Pillow',  TRUE, 66.99, 'ACTIVE', 'https://cdn.filestackcontent.com/r3Vs1dROQdyio7DXlwLU', 'f2e1404c-6f0f-11e7-907b-a6006ad3dba0');
INSERT INTO sbz.article (`code`, `count`, `created`, `min_count`, `name`, `ordered`, `price`, `status`, `picture`, `category_code`) VALUES ('lwrr', 717, '2009-10-27 02:11:06', 85, 'Stacys Pita Chips (Pack of 24)',  FALSE, 15.87, 'ACTIVE', 'https://cdn.filestackcontent.com/uXj40NiQ6CYfvwtcZetg', 'dfb9f1e6-6f0d-11e7-907b-a6006ad3dba0');
INSERT INTO sbz.article (`code`, `count`, `created`, `min_count`, `name`, `ordered`, `price`, `status`, `picture`, `category_code`) VALUES ('lyos', 99, '2009-09-03 03:58:31', 135, 'Glytone Ultra Softening Heel and Elbow Cream',  FALSE, 73.96, 'ACTIVE', 'https://cdn.filestackcontent.com/fIHp5rVUQLqr1mOymBXI', 'dfb9f3c6-6f0d-11e7-907b-a6006ad3dba0');
INSERT INTO sbz.article (`code`, `count`, `created`, `min_count`, `name`, `ordered`, `price`, `status`, `picture`, `category_code`) VALUES ('mlbx', 828, '2009-07-22 00:40:32', 190, 'Men 505 Regular Fit Jean',  FALSE, 33.07, 'ACTIVE', 'https://cdn.filestackcontent.com/xU1DpftTpyDwyxEuKhel', 'f2e14894-6f0f-11e7-907b-a6006ad3dba0');
INSERT INTO sbz.article (`code`, `count`, `created`, `min_count`, `name`, `ordered`, `price`, `status`, `picture`, `category_code`) VALUES ('obml', 838, '2016-04-10 06:36:41', 79, 'Dockers Men Signature Khaki Pant',  FALSE, 52.60, 'ACTIVE', 'https://cdn.filestackcontent.com/xvQApfNTE27S5dkRPs0W', 'f2e14894-6f0f-11e7-907b-a6006ad3dba0');
INSERT INTO sbz.article (`code`, `count`, `created`, `min_count`, `name`, `ordered`, `price`, `status`, `picture`, `category_code`) VALUES ('ofng', 719, '2013-09-13 04:42:02', 10, 'Vremi 15 Piece Nonstick Cookware Set ',  FALSE, 22.85, 'ACTIVE', 'https://cdn.filestackcontent.com/tAcSx64kR2mN44PV5Rk8', 'dfb9e03e-6f0d-11e7-907b-a6006ad3dba0');
INSERT INTO sbz.article (`code`, `count`, `created`, `min_count`, `name`, `ordered`, `price`, `status`, `picture`, `category_code`) VALUES ('oxrx', 11, '2010-01-21 20:26:42', 63, 'Cast Iron 3 Piece Skillet Set',  FALSE, 24.74, 'ACTIVE', 'https://cdn.filestackcontent.com/wNzIUaEcQEG3xCby2q8z', 'dfb9e03e-6f0d-11e7-907b-a6006ad3dba0');
INSERT INTO sbz.article (`code`, `count`, `created`, `min_count`, `name`, `ordered`, `price`, `status`, `picture`, `category_code`) VALUES ('poql', 224, '2013-02-14 04:08:40', 151, 'Nike Stripe Mens Golf Polo Shirt',  FALSE, 33.18, 'ACTIVE', 'https://cdn.filestackcontent.com/Vq7gkNHsTRmyx187PdBn', 'f2e14894-6f0f-11e7-907b-a6006ad3dba0');
INSERT INTO sbz.article (`code`, `count`, `created`, `min_count`, `name`, `ordered`, `price`, `status`, `picture`, `category_code`) VALUES ('qhrz', 739, '2011-12-23 23:33:16', 58, 'Samsung Galaxy S5',  FALSE, 99.50, 'ACTIVE', 'https://cdn.filestackcontent.com/yuI4wY5NRvqABYH5ygpC', 'dfb9e48a-6f0d-11e7-907b-a6006ad3dba0');
INSERT INTO sbz.article (`code`, `count`, `created`, `min_count`, `name`, `ordered`, `price`, `status`, `picture`, `category_code`) VALUES ('qoho', 28, '2008-10-08 15:17:38', 175, 'PRIVE REVAUX “The Madam” Sunglasses',  FALSE, 30.84, 'ACTIVE', 'https://cdn.filestackcontent.com/yuNccNFnR6OofcUfhZ0g', 'f2e147d6-6f0f-11e7-907b-a6006ad3dba0');
INSERT INTO sbz.article (`code`, `count`, `created`, `min_count`, `name`, `ordered`, `price`, `status`, `picture`, `category_code`) VALUES ('rgya', 150, '2013-03-01 02:10:22', 36, 'Nine West Women Shoes',  FALSE, 50.25, 'ACTIVE', 'https://cdn.filestackcontent.com/AdeffDsyS8izj05kkmue', 'f2e14894-6f0f-11e7-907b-a6006ad3dba0');
INSERT INTO sbz.article (`code`, `count`, `created`, `min_count`, `name`, `ordered`, `price`, `status`, `picture`, `category_code`) VALUES ('sdwx', 293, '2013-09-03 22:04:42', 190, 'Coca-Cola 12 Pack Cans',  FALSE, 11.92, 'ACTIVE', 'https://cdn.filestackcontent.com/ZrVrSaCSSSktn8J7LcPW', 'dfb9f1e6-6f0d-11e7-907b-a6006ad3dba0');
INSERT INTO sbz.article (`code`, `count`, `created`, `min_count`, `name`, `ordered`, `price`, `status`, `picture`, `category_code`) VALUES ('spjz', 498, '2007-12-31 19:53:28', 29, 'La Rochere Set Of 6 Large Wine Glasses',  FALSE, 125.27, 'ARCHIVE', 'https://cdn.filestackcontent.com/TgTNGPnGTAG6zTv8gI6M', 'dfb9e03e-6f0d-11e7-907b-a6006ad3dba0');
INSERT INTO sbz.article (`code`, `count`, `created`, `min_count`, `name`, `ordered`, `price`, `status`, `picture`, `category_code`) VALUES ('unak', 21, '2010-04-17 23:54:18', 109, 'Dove Men Shampoo and Conditioner',  TRUE, 19.33, 'ACTIVE', 'https://cdn.filestackcontent.com/fz0NIoRR30Q4v6FxOH0Q', 'dfb9f3c6-6f0d-11e7-907b-a6006ad3dba0');
INSERT INTO sbz.article (`code`, `count`, `created`, `min_count`, `name`, `ordered`, `price`, `status`, `picture`, `category_code`) VALUES ('uqob', 383, '2010-07-06 08:34:03', 181, 'Baxter of California Shave Kit',  FALSE, 40.57, 'ACTIVE', 'https://cdn.filestackcontent.com/JMi9MiykRXqy8oT9Pmbo', 'dfb9f3c6-6f0d-11e7-907b-a6006ad3dba0');
INSERT INTO sbz.article (`code`, `count`, `created`, `min_count`, `name`, `ordered`, `price`, `status`, `picture`, `category_code`) VALUES ('vafi', 383, '2013-08-28 21:40:27', 25, 'Hibiscus Live Shrub,',  FALSE, 11.37, 'ACTIVE', 'https://cdn.filestackcontent.com/V55BRNZiR1Wy9Xeq8BNt', 'dfb9dd96-6f0d-11e7-907b-a6006ad3dba0');
INSERT INTO sbz.article (`code`, `count`, `created`, `min_count`, `name`, `ordered`, `price`, `status`, `picture`, `category_code`) VALUES ('wnca', 67, '2010-05-23 05:17:06', 100, 'Lavender Live Plant',  FALSE, 10.78, 'ACTIVE', 'https://cdn.filestackcontent.com/zAttuVHtT9WhspZDXU99', 'dfb9dd96-6f0d-11e7-907b-a6006ad3dba0');
INSERT INTO sbz.article (`code`, `count`, `created`, `min_count`, `name`, `ordered`, `price`, `status`, `picture`, `category_code`) VALUES ('wpiz', 61, '2007-12-12 21:48:48', 171, 'Kindle',  TRUE, 140.47, 'ACTIVE', 'https://cdn.filestackcontent.com/RSuHvSWTcmNtfUTssJiQ', 'dfb9e48a-6f0d-11e7-907b-a6006ad3dba0');
INSERT INTO sbz.article (`code`, `count`, `created`, `min_count`, `name`, `ordered`, `price`, `status`, `picture`, `category_code`) VALUES ('wxtp', 651, '2013-08-26 06:55:22', 35, 'Lacoste Men White Watch',  FALSE, 81.84, 'ACTIVE', 'https://cdn.filestackcontent.com/AWFoP93yTmiFBXPvO1qi', 'f2e147d6-6f0f-11e7-907b-a6006ad3dba0');
INSERT INTO sbz.article (`code`, `count`, `created`, `min_count`, `name`, `ordered`, `price`, `status`, `picture`, `category_code`) VALUES ('zjxs', 779, '2012-08-21 00:50:06', 46, 'Canon PowerShot SX420 Camera',  FALSE, 163.26, 'ACTIVE', 'https://cdn.filestackcontent.com/QjXHZ8s6SUKuWsiAdyOp', 'dfb9e48a-6f0d-11e7-907b-a6006ad3dba0');

INSERT INTO sbz.sale (`code`, `name`, `discount`, `from_date`, `to_date`) VALUES ('f2e10352-6f0f-11e7-907b-a6006ad3dba0', 'Christmas', 60, '2017-12-20 00:00:00', '2018-01-30 00:00:00');
INSERT INTO sbz.sale (`code`, `name`, `discount`, `from_date`, `to_date`) VALUES ('f2e106f4-6f0f-11e7-907b-a6006ad3dba0', 'Summer Sale', 40, '2017-05-30 00:00:00', '2018-09-30 00:00:00');
INSERT INTO sbz.sale (`code`, `name`, `discount`, `from_date`, `to_date`) VALUES ('f2e10924-6f0f-11e7-907b-a6006ad3dba0', 'Presidents Day',  20, '2017-02-20 00:00:00', '2018-02-21 00:00:00');
INSERT INTO sbz.sale (`code`, `name`, `discount`, `from_date`, `to_date`) VALUES ('f2e10e92-6f0f-11e7-907b-a6006ad3dba0', 'Thanksgiving Day', 30, '2017-11-20 00:00:00', '2017-11-30 00:00:00');

INSERT INTO sbz.sale_article_categories (`sales_code`, `article_categories_code`) VALUES ('f2e10352-6f0f-11e7-907b-a6006ad3dba0', 'dfb9d328-6f0d-11e7-907b-a6006ad3dba0');
INSERT INTO sbz.sale_article_categories (`sales_code`, `article_categories_code`) VALUES ('f2e106f4-6f0f-11e7-907b-a6006ad3dba0', 'dfb9d328-6f0d-11e7-907b-a6006ad3dba0');
INSERT INTO sbz.sale_article_categories (`sales_code`, `article_categories_code`) VALUES ('f2e10924-6f0f-11e7-907b-a6006ad3dba0', 'dfb9d328-6f0d-11e7-907b-a6006ad3dba0');
INSERT INTO sbz.sale_article_categories (`sales_code`, `article_categories_code`) VALUES ('f2e10352-6f0f-11e7-907b-a6006ad3dba0', 'dfb9db0c-6f0d-11e7-907b-a6006ad3dba0');
INSERT INTO sbz.sale_article_categories (`sales_code`, `article_categories_code`) VALUES ('f2e106f4-6f0f-11e7-907b-a6006ad3dba0', 'dfb9dd96-6f0d-11e7-907b-a6006ad3dba0');
INSERT INTO sbz.sale_article_categories (`sales_code`, `article_categories_code`) VALUES ('f2e10352-6f0f-11e7-907b-a6006ad3dba0', 'dfb9dd96-6f0d-11e7-907b-a6006ad3dba0');
INSERT INTO sbz.sale_article_categories (`sales_code`, `article_categories_code`) VALUES ('f2e10924-6f0f-11e7-907b-a6006ad3dba0', 'dfb9e03e-6f0d-11e7-907b-a6006ad3dba0');
INSERT INTO sbz.sale_article_categories (`sales_code`, `article_categories_code`) VALUES ('f2e10e92-6f0f-11e7-907b-a6006ad3dba0', 'dfb9e03e-6f0d-11e7-907b-a6006ad3dba0');
INSERT INTO sbz.sale_article_categories (`sales_code`, `article_categories_code`) VALUES ('f2e106f4-6f0f-11e7-907b-a6006ad3dba0', 'dfb9e264-6f0d-11e7-907b-a6006ad3dba0');
INSERT INTO sbz.sale_article_categories (`sales_code`, `article_categories_code`) VALUES ('f2e10e92-6f0f-11e7-907b-a6006ad3dba0', 'dfb9e264-6f0d-11e7-907b-a6006ad3dba0');
INSERT INTO sbz.sale_article_categories (`sales_code`, `article_categories_code`) VALUES ('f2e10e92-6f0f-11e7-907b-a6006ad3dba0', 'dfb9e264-6f0d-11e7-907b-a6006ad3dba0');
INSERT INTO sbz.sale_article_categories (`sales_code`, `article_categories_code`) VALUES ('f2e106f4-6f0f-11e7-907b-a6006ad3dba0', 'dfb9e48a-6f0d-11e7-907b-a6006ad3dba0');
INSERT INTO sbz.sale_article_categories (`sales_code`, `article_categories_code`) VALUES ('f2e10924-6f0f-11e7-907b-a6006ad3dba0', 'dfb9e48a-6f0d-11e7-907b-a6006ad3dba0');
INSERT INTO sbz.sale_article_categories (`sales_code`, `article_categories_code`) VALUES ('f2e10352-6f0f-11e7-907b-a6006ad3dba0', 'f2e14894-6f0f-11e7-907b-a6006ad3dba0');
INSERT INTO sbz.sale_article_categories (`sales_code`, `article_categories_code`) VALUES ('f2e106f4-6f0f-11e7-907b-a6006ad3dba0', 'f2e14894-6f0f-11e7-907b-a6006ad3dba0');
